{"episode_types": ["t", "t", "t", "t", "t", "t", "t", "t", "t", "t", "t", "t", "t", "t", "t", "t", "t", "t", "t", "t"], "initial_reset_timestamp": 1478707914.020371, "episode_lengths": [36, 17, 14, 23, 26, 11, 20, 11, 20, 34, 17, 15, 12, 18, 22, 23, 17, 20, 15, 23], "episode_rewards": [36.0, 17.0, 14.0, 23.0, 26.0, 11.0, 20.0, 11.0, 20.0, 34.0, 17.0, 15.0, 12.0, 18.0, 22.0, 23.0, 17.0, 20.0, 15.0, 23.0], "timestamps": [1478707914.488314, 1478707914.765873, 1478707914.81934, 1478707914.849887, 1478707914.874914, 1478707914.886297, 1478707914.905842, 1478707914.917911, 1478707915.240204, 1478707915.318419, 1478707915.336121, 1478707915.354652, 1478707915.370574, 1478707915.391267, 1478707915.415167, 1478707915.445663, 1478707915.47094, 1478707915.494016, 1478707915.512132, 1478707915.539664]}